"WhaleNumber","Dual_Left_Right","KnownSex","2005","2006","2007","2008","2009","2010","2011","2012","2013","2014","2015","2016","2017"
5,"Dual","0",2,2,1,2,9,4,2,1,11,1,14,2,6
9,"Dual","0",2,2,2,1,1,2,2,2,2,9,2,2,4
14,"Dual","0",2,1,2,2,1,2,2,1,2,2,1,2,2
25,"Dual","0",2,2,2,2,9,11,2,2,1,2,2,2,2
42,"Dual","0",2,1,1,2,1,24,6,1,1,11,4,1,1
47,"Dual","0",1,1,1,2,2,6,2,1,1,1,1,1,2
49,"Dual","0",2,2,1,2,1,2,6,9,2,4,2,2,2
50,"Dual","0",14,1,1,6,1,2,9,34,2,4,9,1,2
60,"Dual","0",2,2,4,6,2,2,9,2,4,2,6,1,2
68,"Dual","0",2,1,1,4,2,14,3,2,2,3,2,6,24
75,"Dual","0",2,2,1,2,2,2,3,1,1,1,2,2,2
84,"Dual","0",2,2,2,4,2,14,3,2,2,2,6,2,2
85,"Dual","M",2,2,2,1,2,2,2,1,2,2,2,1,2
86,"Dual","0",2,1,14,2,1,2,1,2,1,1,1,1,6
100,"Dual","0",2,2,1,4,2,2,2,1,2,2,6,1,1
102,"Dual","0",4,1,1,2,2,1,1,1,2,2,2,1,1
103,"Dual","F",2,2,2,2,2,9,11,2,2,2,2,2,2
104,"Dual","0",2,1,2,2,1,2,2,1,1,2,1,2,2
106,"Dual","M",2,2,2,2,1,2,2,2,2,1,1,1,1
108,"Dual","0",6,2,11,2,1,6,1,1,1,2,1,1,1
109,"Dual","0",2,2,2,2,2,2,2,2,1,2,2,2,2
110,"Dual","0",2,2,2,2,2,2,2,2,2,1,2,2,2
111,"Dual","F",2,1,1,2,2,2,2,2,2,2,2,2,2
112,"Dual","0",2,2,2,2,2,2,2,2,2,6,2,4,2
113,"Dual","0",2,2,1,2,2,6,2,1,2,2,2,2,2
115,"Dual","M",2,1,2,2,2,2,2,2,2,2,1,1,1
124,"Dual","0",2,1,1,2,2,2,2,1,1,2,2,1,2
128,"Dual","0",2,2,1,4,1,2,2,6,2,2,3,2,2
135,"Dual","0",2,1,1,2,2,2,2,1,1,2,2,1,11
150,"Dual","0",2,2,1,2,1,2,2,1,1,1,1,1,1
154,"Dual","F",2,2,2,2,2,4,2,23,5,53,4,2,13
156,"Dual","0",2,1,1,1,2,2,1,2,2,1,2,2,2
157,"Dual","F",1,2,1,2,2,1,1,1,1,1,1,1,1
165,"Dual","0",1,1,1,1,1,9,3,2,1,2,2,2,9
195,"Dual","0",2,1,1,6,2,4,9,2,11,1,16,2,3
200,"Dual","0",2,1,1,3,1,2,2,2,6,9,11,3,2
206,"Dual","0",1,1,1,1,2,9,2,1,2,1,2,1,2
219,"Dual","0",2,2,2,2,2,2,2,2,1,2,2,2,2
220,"Dual","F",1,1,2,6,1,6,2,2,3,5,8,2,2
224,"Dual","0",2,6,1,2,4,6,1,2,2,3,5,8,10
225,"Dual","0",1,1,1,1,1,2,1,2,2,2,2,6,2
242,"Dual","0",2,1,2,2,2,2,2,2,1,1,1,1,1
243,"Dual","F",1,1,1,2,1,2,2,2,2,2,2,1,6
246,"Left","0",2,1,1,2,1,1,2,6,2,2,2,1,2
252,"Left","0",2,1,1,1,1,1,1,1,1,1,1,1,1
253,"Left","0",2,1,1,1,1,1,1,1,1,1,1,1,1
254,"Left","0",2,1,1,2,1,2,1,1,2,2,11,2,13
255,"Left","0",2,2,1,1,2,2,1,2,4,1,9,11,3
259,"Left","0",2,2,1,1,1,1,1,1,1,1,1,1,1
261,"Left","0",1,2,1,1,1,1,1,1,1,1,1,1,1
262,"Left","0",2,2,1,1,1,1,1,1,1,1,1,1,1
265,"Left","F",2,2,2,2,2,2,2,6,2,2,1,1,1
268,"Left","0",2,1,1,1,1,1,1,1,1,1,1,1,1
269,"Left","0",2,1,1,1,2,2,1,1,2,2,9,2,2
270,"Left","0",2,1,1,1,1,6,2,6,1,2,11,1,2
271,"Left","0",2,2,1,1,1,1,1,1,1,1,1,1,1
276,"Dual","0",2,1,1,1,1,2,2,1,1,2,1,2,1
289,"Left","0",2,1,1,1,3,6,9,1,1,1,1,1,1
290,"Left","0",2,1,1,1,1,1,1,1,1,1,1,1,1
291,"Left","0",2,1,1,1,1,1,1,1,1,1,1,1,1
296,"Left","0",2,2,2,1,1,1,1,1,1,1,1,1,1
298,"Left","0",2,1,1,1,2,1,1,1,2,1,1,1,1
301,"Left","0",2,2,1,1,1,2,2,1,1,1,1,1,1
306,"Left","0",2,2,1,1,1,1,1,1,1,1,1,1,1
309,"Left","0",2,1,1,1,1,1,1,1,1,1,1,1,1
313,"Left","0",2,1,1,1,1,1,1,1,1,1,1,1,1
317,"Left","0",2,2,1,1,2,2,4,1,2,2,2,2,2
318,"Left","0",2,1,1,1,1,9,2,2,2,2,1,6,2
319,"Left","0",2,1,1,1,1,1,1,1,1,1,1,1,1
321,"Left","0",2,2,1,1,2,2,2,2,1,1,2,1,2
326,"Left","0",2,1,1,1,2,6,1,1,1,1,1,1,1
333,"Left","0",1,2,1,1,1,1,1,1,1,1,1,1,1
336,"Left","0",2,2,1,1,1,1,1,1,1,1,1,1,1
339,"Left","0",1,2,3,1,9,11,13,9,14,48,1,2,2
343,"Left","0",2,1,1,1,1,1,1,1,1,1,1,1,1
344,"Left","0",2,6,1,1,2,2,2,1,1,2,2,2,2
346,"Left","0",2,2,1,1,1,1,1,1,1,1,1,1,1
349,"Left","0",2,1,1,1,1,1,1,1,1,1,1,1,1
350,"Left","0",2,1,1,1,1,1,1,1,1,1,1,1,1
355,"Left","0",1,2,1,6,1,11,2,2,1,2,9,2,6
363,"Left","0",2,2,2,2,2,2,2,11,2,3,1,1,1
365,"Left","0",1,2,1,1,1,1,1,1,1,1,1,1,1
372,"Left","0",14,2,1,1,2,13,2,1,2,2,1,2,2
381,"Left","0",2,1,1,1,1,1,1,1,1,1,1,1,1
384,"Dual","0",2,1,1,1,35,2,2,1,2,2,2,2,2
385,"Left","0",2,2,1,2,1,2,2,1,1,1,1,1,1
390,"Left","0",2,2,2,1,1,2,2,1,1,1,9,1,1
393,"Left","0",2,2,1,1,1,1,1,1,1,1,1,1,1
394,"Left","0",2,2,1,1,2,1,2,1,1,1,1,2,1
403,"Dual","0",2,4,1,2,2,2,2,6,1,1,6,2,2
404,"Left","0",2,6,1,2,1,2,6,2,1,1,2,2,2
405,"Left","0",2,1,1,1,1,1,1,1,1,1,1,1,1
407,"Left","0",2,1,1,2,2,9,1,2,2,4,2,2,3
410,"Left","0",2,2,2,1,2,4,2,2,2,2,1,2,1
412,"Left","0",2,3,2,1,1,1,1,1,1,1,1,1,1
417,"Left","0",2,2,1,1,1,1,1,1,1,1,1,1,1
418,"Left","0",2,2,1,1,1,2,1,1,1,1,1,1,1
419,"Dual","0",2,1,2,2,1,2,1,1,1,1,1,2,2
424,"Left","0",6,1,1,11,1,2,2,2,2,2,1,1,1
425,"Left","0",2,1,3,1,1,11,2,1,1,1,1,1,13
431,"Left","0",2,2,1,2,1,1,1,1,1,1,1,1,1
432,"Left","0",2,1,2,1,14,6,1,1,1,1,1,1,9
433,"Left","0",2,3,1,14,1,1,2,1,1,1,1,1,1
434,"Left","0",2,9,2,9,1,2,6,2,1,1,1,3,5
436,"Left","0",2,1,2,2,1,1,1,1,1,1,1,1,1
438,"Left","0",2,2,1,1,1,1,1,1,1,1,1,1,2
446,"Left","0",2,1,1,1,1,3,6,1,1,1,1,1,1
451,"Left","0",2,1,1,2,2,1,2,3,2,2,1,1,6
453,"Left","0",2,6,1,14,9,2,2,2,2,1,1,1,3
456,"Left","0",2,14,1,1,1,1,1,1,1,1,1,1,1
460,"Left","0",2,1,1,1,1,2,1,1,1,2,3,2,2
461,"Left","0",4,2,1,2,6,9,11,2,2,3,6,1,1
465,"Dual","0",2,1,2,2,2,1,2,2,1,2,2,2,2
467,"Left","0",2,1,1,1,2,2,2,1,2,2,1,2,1
468,"Left","0",2,1,2,1,1,1,1,1,1,1,1,1,1
469,"Left","0",2,2,1,2,2,6,1,1,2,4,1,1,1
470,"Left","0",2,1,1,1,1,1,2,1,1,2,2,6,2
471,"Left","0",2,9,1,2,1,2,1,1,1,1,1,1,1
475,"Left","0",14,1,1,1,1,1,1,1,1,1,1,1,1
478,"Left","0",2,1,1,1,1,1,1,1,1,1,1,1,1
479,"Left","0",2,2,1,1,1,1,1,1,1,1,1,1,1
481,"Left","0",2,2,2,2,1,1,2,1,1,2,1,1,1
491,"Left","0",2,1,2,1,1,1,1,1,1,1,1,1,1
494,"Left","0",2,1,1,2,2,9,11,2,1,14,1,2,2
496,"Left","M",2,1,1,1,1,2,1,1,1,2,1,1,1
497,"Left","0",2,9,2,2,1,1,1,1,1,1,1,1,1
504,"Left","0",1,14,1,2,2,2,2,1,1,1,1,1,1
507,"Left","0",1,2,1,1,1,1,1,1,1,1,1,1,1
509,"Dual","0",1,2,1,1,2,2,1,1,1,1,1,1,2
516,"Dual","0",1,2,1,1,1,1,1,1,1,1,1,1,1
517,"Dual","0",1,2,1,1,1,2,2,1,1,1,1,6,1
549,"Dual","0",2,4,1,1,6,1,9,7,2,1,2,2,2
595,"Dual","0",1,1,1,1,1,2,1,1,1,2,1,1,2
875,"Dual","0",2,1,2,2,2,2,2,1,1,2,2,2,1
987,"Dual","0",1,1,2,2,2,2,1,1,2,1,2,2,2
1102,"Dual","0",1,1,1,2,1,2,1,1,1,1,1,1,3
1220,"Dual","0",6,2,1,6,2,14,4,1,1,2,2,1,2
1238,"Dual","0",1,2,1,6,2,3,2,2,2,2,6,1,2
1314,"Dual","0",1,2,1,1,2,2,2,2,1,4,2,2,3
1391,"Dual","0",1,1,1,1,1,2,1,1,2,1,2,2,2
1576,"Left","0",1,2,2,1,1,1,1,1,1,1,1,1,1
1647,"Left","0",2,2,2,1,1,11,6,2,2,2,1,2,1
1663,"Left","0",1,2,2,1,1,2,2,9,1,2,1,4,1
1673,"Left","0",2,11,1,2,2,1,2,1,1,1,1,1,1
1723,"Left","0",1,2,2,1,2,2,2,1,1,1,1,2,2
1726,"Left","0",1,2,1,1,1,1,1,1,1,1,1,1,1
1729,"Left","0",1,2,1,1,1,1,1,1,1,1,1,1,2
1731,"Left","0",1,2,1,1,1,1,1,1,1,1,9,1,1
1738,"Left","0",1,2,1,2,1,4,2,1,11,1,1,1,1
1747,"Left","0",2,6,1,2,2,2,1,1,1,9,1,3,1
1767,"Left","0",1,2,1,1,2,2,2,2,1,1,4,1,1
1770,"Left","0",1,2,1,1,1,2,2,1,2,2,1,2,2
1772,"Left","0",14,6,2,9,11,2,2,2,2,2,23,6,40
1775,"Left","0",1,2,2,2,1,1,1,1,1,1,1,1,1
1777,"Left","0",1,4,1,1,6,2,1,2,3,2,1,2,9
1823,"Left","0",1,2,1,1,2,2,3,1,1,1,2,3,1
1831,"Left","0",1,2,1,2,2,1,1,1,1,1,1,1,1
1849,"Left","F",1,4,1,1,1,1,2,2,1,2,1,1,1
1874,"Left","0",1,2,1,1,1,1,1,1,1,1,1,1,1
1884,"Left","0",1,2,1,1,1,1,1,1,1,1,1,1,1
1899,"Left","0",1,2,1,1,1,1,1,1,1,1,1,1,1
1908,"Left","0",1,3,1,1,1,1,1,1,1,1,1,3,1
1924,"Left","0",2,4,1,1,1,1,1,1,1,1,1,1,1
1953,"Left","0",1,2,1,1,1,1,1,1,1,1,1,1,1
1995,"Left","0",1,6,1,1,1,9,1,1,1,1,1,1,1
2024,"Left","0",1,2,1,9,1,1,1,1,1,1,1,1,1
2027,"Left","0",1,2,1,2,2,1,2,1,2,2,1,2,2
2052,"Dual","0",2,2,2,1,1,2,2,1,1,1,2,2,2
2061,"Left","0",1,2,1,1,1,1,1,1,1,1,1,1,1
2142,"Left","0",1,1,2,1,1,2,2,2,1,1,2,2,2
2171,"Left","0",1,1,2,2,1,9,11,2,3,2,4,6,9
2175,"Left","0",1,1,2,2,2,2,2,1,1,2,2,2,3
2191,"Left","F",1,1,2,1,1,1,1,1,1,1,1,1,1
2204,"Dual","M",1,2,2,1,1,1,1,1,1,1,1,1,1
2211,"Left","0",1,1,6,1,1,2,1,2,1,2,1,6,1
2213,"Dual","0",1,1,2,1,1,1,1,1,1,2,1,11,2
2224,"Left","0",1,1,2,2,1,1,1,1,1,1,1,1,1
2241,"Dual","M",2,1,2,1,2,2,2,1,2,2,2,2,2
2242,"Left","0",1,1,2,2,1,1,1,1,2,1,2,1,1
2253,"Left","0",1,1,2,1,1,1,1,1,1,1,1,1,1
2254,"Left","0",1,1,4,2,2,4,6,1,2,1,1,2,3
2257,"Left","0",1,1,6,2,2,3,6,2,2,1,6,1,2
2261,"Left","0",1,1,2,1,1,14,1,1,1,1,1,1,1
2263,"Left","0",1,1,2,1,1,1,1,1,1,1,1,1,1
2270,"Left","0",1,1,2,1,1,1,2,1,1,1,1,6,2
2271,"Left","0",1,1,9,1,2,14,1,1,1,1,2,1,1
2290,"Left","0",1,1,2,2,1,1,1,2,1,9,2,1,2
2292,"Left","0",1,1,2,2,1,1,1,1,1,1,1,1,1
2294,"Left","M",2,1,2,1,1,2,2,2,2,2,1,1,1
2295,"Left","0",2,1,2,1,1,2,2,2,1,2,1,2,2
2299,"Left","0",1,1,2,1,1,1,1,1,1,1,1,1,1
2300,"Left","0",1,1,2,1,1,2,2,2,2,14,1,1,1
2303,"Dual","M",1,1,2,1,2,2,2,2,2,2,2,1,1
2327,"Dual","0",1,2,2,1,2,2,2,1,6,1,2,1,2
2339,"Left","0",1,1,2,2,1,2,11,1,1,1,1,2,13
2345,"Left","0",1,1,2,1,1,1,1,1,1,1,1,1,1
2346,"Dual","0",2,2,2,1,2,1,1,2,1,2,1,2,2
2356,"Left","0",1,1,1,2,1,1,1,1,1,1,1,1,1
2366,"Left","M",2,1,1,2,2,1,1,1,1,1,1,2,2
2375,"Left","0",1,1,1,2,1,6,9,1,1,11,1,3,2
2379,"Dual","M",2,1,1,2,1,2,2,1,1,2,2,2,2
2408,"Left","0",1,1,1,2,1,2,1,1,1,1,1,1,1
2426,"Left","0",1,1,1,2,1,2,6,1,2,2,1,6,1
2459,"Left","0",2,4,1,2,1,2,1,1,9,2,2,1,11
2465,"Left","0",1,1,1,2,2,1,1,1,1,1,1,1,1
2473,"Left","0",1,1,1,2,1,1,2,2,2,1,1,1,1
2475,"Left","0",1,1,1,2,1,1,1,1,1,2,1,1,1
2496,"Left","0",1,1,1,2,1,2,1,6,2,3,1,1,2
2509,"Left","0",1,2,1,2,1,2,2,1,2,2,2,1,1
2513,"Left","0",2,1,1,2,2,2,1,1,1,1,1,1,1
2530,"Left","0",1,1,1,2,1,1,1,1,1,1,1,1,1
2539,"Left","0",1,2,1,2,1,2,1,1,1,2,1,2,2
2540,"Left","0",1,1,1,2,1,1,2,1,1,1,1,1,1
2552,"Left","0",1,1,1,2,1,1,1,2,1,1,1,2,1
2553,"Left","0",1,1,2,2,2,2,2,1,2,2,2,2,2
2554,"Left","0",1,1,1,2,1,2,1,1,1,1,1,1,6
2561,"Left","0",1,1,1,2,2,2,1,1,1,1,1,1,1
2594,"Left","0",1,1,1,6,1,1,2,1,1,1,2,2,1
2607,"Left","0",2,4,2,4,1,2,4,1,1,2,2,3,1
2610,"Left","0",1,1,2,2,1,2,1,1,1,2,1,1,1
2622,"Left","0",1,1,1,2,1,1,1,1,1,1,1,1,1
2626,"Left","0",1,2,1,2,2,2,2,2,2,2,2,2,2
2634,"Left","F",1,1,1,4,1,2,1,2,2,1,1,1,1
2637,"Left","0",1,1,1,2,1,1,1,1,1,1,2,1,2
2648,"Left","0",1,1,1,2,1,1,1,1,1,1,1,9,14
2677,"Left","0",1,1,1,2,1,1,1,1,1,1,1,1,1
2708,"Left","0",1,1,1,2,1,1,1,1,1,1,1,1,1
2720,"Left","0",1,1,1,2,1,1,1,1,1,1,1,1,1
2732,"Left","0",1,1,1,2,1,1,2,1,2,1,6,1,11
2782,"Left","0",1,2,2,2,1,2,2,1,2,2,2,2,1
2802,"Left","0",1,1,1,2,1,1,1,1,1,1,1,1,1
3024,"Dual","0",1,1,1,1,2,9,1,2,2,2,2,2,6
3179,"Dual","0",1,1,1,1,1,1,2,1,2,7,2,2,2
3603,"Left","0",1,1,2,2,1,1,1,1,1,1,1,1,1
3609,"Left","0",2,2,1,1,2,9,1,1,2,3,1,1,1
3611,"Left","0",1,2,1,1,1,1,1,1,1,1,1,1,1
3625,"Left","0",1,2,1,1,1,1,1,1,1,1,1,1,1
3833,"Dual","0",1,1,1,1,1,1,2,1,1,2,4,1,9
3846,"Dual","0",1,1,1,1,1,2,2,2,2,1,1,1,1
4153,"Dual","0",1,1,1,1,1,1,1,1,1,1,1,2,2
4400,"Dual","0",1,1,1,1,1,2,1,1,1,2,2,1,9
4425,"Dual","0",1,1,1,1,1,2,1,1,1,2,2,1,1
5206,"Dual","0",1,1,1,1,1,1,2,1,1,1,1,1,1
5319,"Dual","0",1,1,1,1,2,9,6,2,2,2,2,2,2
6589,"Dual","0",1,1,1,1,1,1,2,1,1,2,2,2,2
7244,"Dual","M",1,1,2,2,2,2,1,2,1,1,1,1,1
7590,"Left","0",1,1,1,1,2,4,1,2,2,2,2,1,2
7591,"Left","0",1,1,1,1,2,2,2,1,2,1,2,1,2
7659,"Left","0",1,1,1,1,2,2,1,1,2,1,2,1,1
7717,"Left","0",1,1,1,1,2,1,4,1,1,1,1,1,1
7796,"Left","0",2,1,1,1,2,2,9,1,1,9,2,2,2
7819,"Left","0",1,1,1,1,2,2,1,1,1,1,1,1,1
7845,"Left","0",1,1,1,1,2,2,2,2,2,3,5,2,1
7865,"Left","0",1,1,1,1,1,2,1,1,1,1,1,1,1
7876,"Left","0",1,1,1,1,1,2,2,1,1,1,1,1,1
7884,"Left","0",1,1,1,1,2,9,1,1,2,1,2,2,1
7885,"Left","0",1,1,1,1,1,2,1,1,1,1,1,1,1
7914,"Left","0",1,1,1,1,1,2,1,1,1,2,1,1,1
7923,"Left","0",1,1,1,1,1,2,2,1,1,1,1,1,1
7927,"Left","0",1,1,1,1,1,2,1,1,1,1,2,1,1
7941,"Left","0",1,1,1,1,1,2,2,1,1,1,1,1,1
7968,"Left","0",1,1,1,1,1,2,1,1,1,1,1,1,1
7969,"Left","0",1,1,1,1,1,2,1,1,1,1,1,1,1
7972,"Left","0",1,1,1,1,1,2,1,1,1,1,1,1,1
8025,"Left","0",1,1,1,1,1,2,1,1,2,1,1,1,1
8030,"Left","0",1,1,1,1,1,2,1,1,1,1,2,1,1
8068,"Left","0",1,1,1,1,2,2,2,1,1,1,2,1,2
8074,"Left","0",1,1,1,1,1,2,2,1,2,1,2,3,2
8075,"Left","0",1,1,1,1,1,2,1,1,1,2,1,1,6
8090,"Left","0",1,1,1,1,1,2,1,1,2,1,1,1,2
8120,"Left","0",1,1,1,1,1,2,1,1,1,1,1,1,1
8148,"Left","0",1,1,1,1,1,2,1,1,1,1,1,2,2
8151,"Dual","M",1,1,1,1,1,2,1,1,1,1,1,1,2
8193,"Left","0",1,1,1,1,1,2,2,1,1,1,1,1,1
8203,"Left","0",1,1,1,1,1,2,2,2,1,2,2,1,1
8236,"Left","0",1,1,1,1,2,2,1,2,1,2,2,1,2
8242,"Left","0",1,1,1,1,2,2,2,1,2,1,6,2,2
8249,"Left","0",1,1,1,1,1,2,1,1,1,1,2,1,2
8260,"Left","0",1,1,1,1,1,2,2,1,1,1,2,1,1
8282,"Left","0",1,1,1,1,1,2,2,1,1,1,1,1,1
8286,"Left","0",1,1,1,1,1,2,1,1,1,1,1,1,1
8288,"Left","0",1,1,1,1,1,2,1,1,1,1,1,1,1
8316,"Left","0",1,1,1,1,1,2,1,1,2,2,2,14,1
8330,"Left","0",1,1,1,1,1,2,1,9,1,1,4,2,24
8332,"Left","0",1,1,1,1,1,2,2,1,1,1,1,1,1
8338,"Left","0",1,1,1,1,1,2,1,4,1,2,2,3,5
8340,"Left","0",1,1,1,1,1,2,2,1,1,2,1,2,1
8437,"Left","0",1,1,1,1,1,2,2,1,1,1,1,1,1
8440,"Left","0",1,1,1,1,1,2,1,1,1,2,1,1,1
8447,"Left","0",1,1,1,1,1,2,1,1,4,1,2,4,1
8477,"Left","0",1,1,1,1,1,2,2,1,2,1,1,1,1
8479,"Left","0",1,1,1,1,1,2,1,1,1,2,1,1,1
8505,"Left","0",1,1,1,1,1,2,1,2,6,2,2,15,1
8513,"Left","0",1,1,1,1,1,14,2,1,1,1,1,1,1
8535,"Left","0",1,1,1,1,1,2,2,1,1,1,2,2,1
8537,"Left","0",1,1,1,1,1,2,2,1,1,1,1,1,1
8561,"Left","0",1,1,1,1,1,2,1,1,1,2,1,2,1
8614,"Left","0",1,1,1,1,1,2,2,1,1,1,1,1,1
8693,"Left","0",1,1,1,1,2,2,2,1,1,1,23,2,2
8695,"Left","0",1,1,1,1,1,2,1,1,2,1,2,1,1
8722,"Left","0",1,1,1,1,1,2,1,1,1,2,2,1,2
8753,"Left","0",1,1,1,1,1,2,2,1,2,1,1,1,2
8778,"Dual","0",1,1,1,2,1,2,1,1,2,2,2,1,6
8847,"Left","0",1,1,1,1,1,2,2,1,1,1,1,1,1
8890,"Left","0",1,1,1,1,1,2,1,1,1,2,2,2,1
10343,"Left","0",1,1,1,1,1,1,2,1,1,1,1,1,1
10344,"Left","F",1,1,1,1,1,1,2,2,1,2,1,1,2
10347,"Left","0",1,1,1,1,1,1,2,1,1,1,1,1,1
10367,"Left","0",1,1,1,1,1,1,2,1,1,1,1,1,1
10369,"Left","0",1,1,1,1,1,1,2,1,1,4,1,1,1
10385,"Left","0",1,1,1,1,1,1,2,6,1,1,1,1,1
10415,"Left","0",1,1,1,1,1,1,2,1,1,1,1,3,1
10475,"Left","0",1,1,1,1,1,1,2,1,2,1,1,1,1
10517,"Left","0",1,1,1,1,1,1,2,1,1,1,1,1,2
10526,"Left","0",1,1,1,1,1,1,2,1,1,2,1,1,1
10552,"Left","0",1,1,1,1,1,1,2,2,1,1,2,2,2
10627,"Left","0",1,1,1,1,1,1,2,1,1,1,1,1,1
10630,"Left","0",1,1,1,1,1,1,2,2,1,2,2,2,2
10640,"Left","0",1,1,1,1,1,1,2,1,1,1,1,1,1
10645,"Left","0",1,1,1,1,1,1,2,1,1,2,2,1,6
10648,"Left","0",1,1,1,1,1,1,2,1,1,1,1,1,1
10664,"Left","0",1,1,1,1,1,1,2,1,1,1,1,1,1
10679,"Left","0",1,1,1,1,1,1,2,2,1,3,2,9,11
10693,"Left","0",1,1,1,1,1,1,2,1,1,1,1,1,1
10705,"Left","0",1,1,1,1,1,1,4,6,9,2,11,2,14
10708,"Left","0",1,1,1,1,1,1,2,1,1,2,2,1,2
10710,"Left","0",1,1,1,1,1,1,2,1,1,1,1,1,1
10740,"Left","0",1,1,1,1,1,1,2,3,1,2,1,2,2
10765,"Left","0",1,1,1,1,1,1,2,1,1,2,1,2,2
10769,"Left","0",1,1,1,1,1,2,2,2,2,2,1,2,2
10793,"Left","0",1,1,1,1,1,1,2,1,1,1,1,2,1
10799,"Left","0",1,1,1,1,1,1,2,1,1,1,1,1,1
10813,"Left","0",1,1,1,1,1,2,2,1,1,1,1,1,1
10825,"Left","0",1,1,1,1,1,1,2,1,1,1,1,1,1
10853,"Left","0",1,1,1,1,1,1,2,1,1,1,1,1,1
10860,"Dual","M",1,1,1,1,1,1,2,1,1,1,2,1,2
10873,"Left","0",1,1,1,1,1,1,6,6,1,11,1,1,1
10876,"Left","0",1,1,1,1,1,1,2,1,1,1,1,1,1
10885,"Left","0",1,1,1,1,1,1,2,1,1,1,1,1,1
10933,"Left","0",1,1,1,1,1,1,4,1,1,1,2,9,1
10949,"Left","0",1,1,1,1,1,1,2,2,1,1,2,1,1
10955,"Left","0",1,1,1,1,1,2,2,1,2,6,1,6,2
10956,"Left","0",1,1,2,1,1,1,2,1,2,1,2,1,2
10970,"Left","0",1,1,1,1,1,1,2,1,1,1,1,1,1
10971,"Left","0",1,1,1,1,1,1,2,1,1,1,1,1,1
10994,"Left","0",1,1,1,1,1,1,2,1,1,1,1,1,1
11010,"Dual","0",1,1,1,1,1,1,2,1,1,2,1,2,1
11021,"Left","0",1,1,1,1,1,1,2,1,2,2,1,2,2
11046,"Left","0",1,1,1,1,1,1,2,6,1,4,1,2,2
11096,"Left","0",1,1,1,1,1,1,2,1,1,1,1,1,1
11127,"Left","0",1,1,1,1,1,1,2,1,1,1,1,1,2
11164,"Left","0",1,1,1,1,1,1,2,1,1,1,1,1,2
11179,"Left","0",1,1,1,1,1,1,2,2,1,1,1,1,1
11235,"Left","0",1,1,1,1,1,3,1,1,1,4,2,14,3
16873,"Dual","M",1,1,1,1,1,2,2,1,1,2,2,2,2
17096,"Dual","0",1,1,1,1,1,1,1,2,2,2,1,1,1
17368,"Left","0",1,1,1,2,1,2,2,1,1,1,1,1,1
18499,"Dual","0",1,1,1,1,1,1,1,1,1,2,1,1,2
18630,"Left","F",1,1,1,1,1,1,1,1,1,1,2,1,2
18698,"Left","F",1,1,1,1,1,1,2,1,1,1,1,2,1
18707,"Dual","0",1,1,1,1,1,1,1,1,1,1,1,2,1
18750,"Left","0",1,1,1,1,1,1,1,1,1,1,2,2,2
18755,"Left","0",1,1,1,1,1,1,1,1,1,1,1,2,2
18782,"Left","0",1,1,1,1,1,1,1,1,1,1,1,2,2
18802,"Dual","0",1,1,1,1,1,1,1,1,1,1,1,2,2
18805,"Left","0",1,1,1,1,1,1,1,1,1,1,1,2,2
18846,"Left","0",1,1,1,1,1,1,1,1,1,1,2,2,1
19173,"Dual","F",1,1,1,1,1,1,1,1,1,1,1,1,4
19265,"Left","0",1,1,1,1,1,1,1,2,1,1,1,1,2
19286,"Left","0",1,1,1,1,1,1,1,2,1,1,1,1,1
19326,"Left","0",1,1,1,1,1,1,1,2,2,1,1,1,1
19680,"Left","0",1,1,1,1,1,1,1,2,1,1,1,2,3
19740,"Left","0",1,1,1,1,1,1,2,2,1,2,2,1,1
19758,"Left","0",1,1,1,1,1,1,1,2,1,1,1,1,4
19871,"Left","0",1,2,1,1,1,2,1,2,2,3,2,1,2
19940,"Left","0",1,1,1,1,1,1,1,1,2,1,2,1,1
20026,"Left","0",1,1,1,1,1,1,1,1,2,1,1,1,3
20110,"Left","0",1,1,1,2,1,1,1,2,2,1,1,1,3
20153,"Left","0",1,1,1,1,1,1,1,1,2,1,1,1,2
20195,"Left","0",1,1,1,1,1,1,1,1,2,1,2,1,1
20203,"Dual","0",1,1,1,1,1,2,1,1,2,2,1,2,2
20224,"Left","0",1,1,1,1,1,1,1,1,2,2,1,1,2
20225,"Left","0",1,1,1,1,1,1,1,1,2,2,1,2,2
20234,"Left","0",1,1,1,1,1,1,1,1,2,2,1,1,1
20248,"Left","0",1,1,1,1,1,1,1,1,2,2,2,2,2
20266,"Left","F",1,1,1,1,1,1,1,2,2,1,2,2,1
20291,"Left","0",1,1,1,1,1,1,1,1,2,1,1,1,4
20395,"Left","0",1,1,1,1,1,1,1,1,1,2,2,1,1
20396,"Dual","0",1,1,1,1,1,1,1,1,1,6,2,2,14
20403,"Left","0",1,1,1,1,1,1,1,1,1,2,2,2,2
20414,"Left","0",1,1,1,1,1,1,1,1,1,2,2,2,1
20453,"Left","0",1,1,1,1,1,1,1,1,1,2,2,1,2
20463,"Left","0",1,1,1,1,1,1,1,1,1,2,1,2,1
20471,"Left","0",1,1,1,1,1,1,1,1,1,6,9,1,14
20495,"Left","0",1,1,1,1,1,1,1,1,1,2,1,1,2
20512,"Left","0",1,1,1,1,1,1,1,1,1,2,1,1,1
20517,"Left","0",1,1,1,1,1,1,1,1,1,2,1,1,1
20531,"Dual","0",1,1,1,1,1,1,1,1,1,2,2,1,6
20540,"Left","0",1,1,1,1,1,1,1,1,1,4,1,9,4
20562,"Left","0",1,1,1,1,1,1,1,1,1,11,13,1,2
20565,"Left","0",1,1,1,1,1,1,1,1,1,2,2,1,1
20601,"Left","0",1,1,1,1,1,1,1,1,1,2,6,2,1
20628,"Left","0",1,1,1,1,1,1,2,1,1,2,2,2,2
20634,"Left","0",1,1,1,1,1,1,1,1,1,2,2,2,2
20638,"Left","0",1,1,1,1,1,1,1,1,1,2,1,2,1
20644,"Left","0",1,1,1,1,1,1,1,1,1,2,1,9,1
20676,"Left","0",1,1,1,1,1,1,1,1,1,2,1,1,2
20685,"Left","0",1,1,1,1,1,1,1,1,1,2,1,1,2
20740,"Left","0",1,1,1,1,1,1,1,1,1,1,1,2,1
20768,"Left","0",1,1,1,1,1,1,1,1,1,1,1,2,2
20769,"Dual","0",1,1,1,1,1,1,1,1,1,1,1,2,6
20827,"Left","0",1,1,1,1,1,1,1,1,1,1,1,2,1
20849,"Left","0",1,1,1,1,1,1,1,1,1,2,2,2,1
20863,"Left","0",1,1,1,1,1,1,1,1,1,1,2,2,2
20865,"Left","0",1,1,1,1,1,1,1,1,1,1,1,2,1
21000,"Left","0",1,1,1,1,1,1,1,1,1,1,1,2,2
21032,"Left","0",1,1,1,1,1,1,1,1,1,1,2,2,2
21126,"Left","0",1,1,1,1,1,1,1,1,1,1,1,2,2
21169,"Left","0",1,1,1,1,1,1,1,1,11,1,6,3,5
21275,"Left","0",1,1,1,1,1,2,2,1,1,1,2,2,2
21434,"Left","0",1,1,1,1,1,1,1,1,1,1,1,2,1
21439,"Left","0",1,1,1,1,1,1,1,1,1,1,1,2,1
21443,"Left","0",1,1,1,1,1,1,1,1,1,1,1,2,2
21487,"Left","0",1,1,1,1,1,1,1,1,1,1,2,2,1
22316,"Left","0",1,1,1,1,1,1,1,1,2,2,1,1,1
25192,"Left","0",1,1,1,1,1,1,1,1,1,4,6,1,11
25278,"Dual","0",1,1,1,1,1,1,1,1,1,2,2,1,3
25293,"Left","0",1,1,1,1,1,1,1,2,1,2,1,1,2
25331,"Left","0",1,1,1,1,1,1,1,1,1,2,2,1,1
25451,"Left","0",1,1,1,1,1,1,1,1,1,2,1,1,2
25468,"Left","0",1,1,1,1,1,1,1,1,1,2,1,1,1
25504,"Left","0",1,1,1,1,1,1,1,1,1,2,2,1,1
25522,"Left","0",1,1,1,1,1,1,1,1,1,2,2,1,1
25794,"Left","0",1,1,1,1,1,1,1,1,1,1,2,1,6
26092,"Left","0",1,1,1,1,1,1,1,1,1,1,2,1,2
26106,"Left","0",1,1,1,1,1,1,1,1,1,1,2,1,2
26130,"Left","0",1,1,1,1,1,1,1,1,1,1,2,1,2
26146,"Left","0",1,1,1,1,1,1,1,1,1,1,2,1,2
26209,"Left","0",1,1,1,1,1,1,1,1,1,1,2,1,2
26308,"Left","0",1,1,1,1,2,1,1,1,1,1,2,1,2
26375,"Left","0",1,1,1,1,1,1,1,1,1,1,2,1,1
27185,"Left","0",1,1,1,1,1,1,1,1,1,1,1,1,2
27194,"Left","0",1,1,1,1,1,1,1,1,1,1,1,1,2
27241,"Left","0",1,1,1,1,1,1,1,1,1,1,1,1,2
27322,"Left","F",1,1,1,1,1,1,1,1,1,1,1,1,58
27364,"Left","0",1,1,1,1,1,1,1,1,1,1,1,1,2
27373,"Left","0",1,1,1,1,1,1,1,1,1,1,1,1,2
27410,"Left","0",1,1,1,1,1,1,1,1,1,1,1,1,2
27421,"Left","0",1,1,1,1,1,1,1,1,1,1,1,1,2
27482,"Left","0",1,1,1,1,1,1,1,1,1,1,1,1,2
27532,"Left","0",1,1,1,1,1,1,1,1,1,1,1,1,2
27538,"Left","0",1,1,1,1,1,1,1,1,1,1,1,1,2
27656,"Left","0",1,1,1,1,1,1,1,1,1,1,1,1,2
27693,"Left","0",1,1,1,1,1,1,1,1,1,1,1,1,4
27725,"Dual","0",1,1,1,1,1,1,1,1,1,1,2,1,2
27733,"Left","0",1,1,1,1,1,1,1,1,1,1,1,1,2
27738,"Left","0",1,1,1,1,1,1,1,1,1,1,1,1,2
27835,"Left","0",1,1,1,1,1,1,1,1,1,1,1,1,2
27894,"Left","0",1,1,1,1,1,1,1,1,1,1,1,1,2
27938,"Left","0",1,1,1,1,1,1,1,1,1,1,1,1,2
27990,"Left","0",1,1,1,1,1,1,1,1,1,1,1,1,2
28005,"Left","0",1,1,1,1,1,1,1,1,1,1,1,1,2
28028,"Left","0",1,1,1,1,1,1,1,1,1,1,1,1,2
28145,"Left","0",1,1,1,1,1,1,1,1,1,1,1,1,2
28203,"Left","0",1,1,1,1,1,1,1,1,1,1,1,1,2
28233,"Left","0",1,1,1,1,1,1,1,1,1,1,1,1,2
28303,"Left","0",1,1,1,1,1,1,1,1,1,2,1,1,2
28402,"Left","M",1,1,1,1,1,1,2,1,1,1,1,1,2
28412,"Left","0",1,1,1,1,1,1,1,1,1,1,1,1,2
29341,"Dual","0",1,1,1,1,1,1,1,1,1,1,1,1,2
34325,"Left","0",1,1,1,1,1,1,1,2,2,2,1,1,2
